{
  "Total" : {
    "transaction" : "Total",
    "sampleCount" : 500,
    "errorCount" : 0,
    "errorPct" : 0.0,
    "meanResTime" : 70638.14599999995,
    "medianResTime" : 34402.5,
    "minResTime" : 5570.0,
    "maxResTime" : 465031.0,
    "pct1ResTime" : 225419.0,
    "pct2ResTime" : 261179.34999999986,
    "pct3ResTime" : 459805.37,
    "throughput" : 0.8983289285271538,
    "receivedKBytesPerSec" : 321.6173017141014,
    "sentKBytesPerSec" : 0.11316839041015901
  },
  "HTTP Request" : {
    "transaction" : "HTTP Request",
    "sampleCount" : 500,
    "errorCount" : 0,
    "errorPct" : 0.0,
    "meanResTime" : 70638.14599999995,
    "medianResTime" : 34402.5,
    "minResTime" : 5570.0,
    "maxResTime" : 465031.0,
    "pct1ResTime" : 225419.0,
    "pct2ResTime" : 261179.34999999986,
    "pct3ResTime" : 459805.37,
    "throughput" : 0.8983289285271538,
    "receivedKBytesPerSec" : 321.6173017141014,
    "sentKBytesPerSec" : 0.11316839041015901
  }
}